{
  "before": {
    "coverage": 0.8726,
    "k": 15,
    "silhouette": 0.7711650948753141,
    "dbi": 0.3024013935882946,
    "ARI": 0.7620733545559042,
    "NMI": 0.8700642192508188,
    "V_measure": 0.8700642192508189,
    "FM": 0.7779748915037789,
    "purity": 0.8726
  },
  "after_std": {
    "coverage": 0.9568,
    "k": 11,
    "silhouette": 0.596203454244156,
    "dbi": 0.5259754356854704,
    "ARI": 0.7335541747903072,
    "NMI": 0.874878685504473,
    "V_measure": 0.8748786855044731,
    "FM": 0.7666095174333734,
    "purity": 0.7118
  },
  "after_occa": {
    "coverage": 0.9536,
    "k": 15,
    "silhouette": 0.7388623254558101,
    "dbi": 0.3374065051387888,
    "ARI": 0.9339810314741028,
    "NMI": 0.9432564219756372,
    "V_measure": 0.9432564219756371,
    "FM": 0.9386718805809584,
    "purity": 0.953
  }
}