{
  "dataset": "sset1",
  "strategy": "bo",
  "nx": 34,
  "ny": 34,
  "h": 27709.294173065704,
  "R": 5,
  "Q": 0.803498713031129
}