{
  "stageA_best": {
    "mode": "quantile",
    "nx": 26,
    "ny": 26,
    "dense_thr": 0.10526315789473684,
    "dense_q": 0.5,
    "dx": 0.5277692319016923,
    "dy": 0.532076924218,
    "score": 0.8107332440870694
  },
  "stageB_best": {
    "nx": 26,
    "ny": 26,
    "dense_thr": 0.10526315789473684,
    "beta": 0.1,
    "cthr": 0.01,
    "sil": 0.7686442610804365,
    "dbi": 0.2996203815651372,
    "cov": 0.94,
    "k": 15,
    "iters_used": 100,
    "stop": "converged (max|\u0394c|=1.18e-10)",
    "score": 0.8254674629430596,
    "grid_tag": "COARSE",
    "dx": 0.5277692319016923,
    "dy": 0.532076924218
  },
  "periodic_cca": false,
  "plots": {
    "before_coarse": "/home/elyar/Documents/projects/1dif_impu/clustx-20251106T013133Z-1-001/clustx/examples/out_R15_grid_1/fig_before_clusters_overlay_COARSE.png",
    "after_std": "/home/elyar/Documents/projects/1dif_impu/clustx-20251106T013133Z-1-001/clustx/examples/out_R15_grid_1/fig_after_std_clusters_overlay_COARSE_beta0.1_cthr0.01.png",
    "after_occa": "/home/elyar/Documents/projects/1dif_impu/clustx-20251106T013133Z-1-001/clustx/examples/out_R15_grid_1/fig_after_custom_clusters_overlay_COARSE_beta0.1_cthr0.01.png"
  },
  "weights_used": {
    "stageB_W_SIL": 0.33,
    "stageB_W_DBI": 0.34,
    "stageB_W_COV": 0.33,
    "source": "CLI/defaults"
  }
}