{
  "dataset": "R15",
  "strategy": "grid",
  "nx": 26,
  "ny": 26,
  "h": 0.532076924218,
  "q": 0.5,
  "dense_thr": 0.10526315789473684,
  "Q": 0.8107332440870694
}