{
  "stageA_best": {
    "mode": "count",
    "nx": 19,
    "ny": 16,
    "R": 3,
    "dx": 1.7473684246526313,
    "dy": 1.7000000035249998,
    "score": 0.7028890402358718,
    "weights": {
      "W_SIL": 0.33,
      "W_DBI": 0.34,
      "W_COV": 0.33
    }
  },
  "stageB_best": {
    "nx": 19,
    "ny": 16,
    "dense_thr": 0.2,
    "beta": 0.1,
    "cthr": 0.1,
    "sil": 0.512955595461222,
    "dbi": 0.49040119681220123,
    "cov": 0.9555837563451777,
    "k": 7,
    "iters_used": 100,
    "stop": "converged (max|\u0394c|=3.22e-07)",
    "score": 0.7127444803093622,
    "grid_tag": "COARSE",
    "dx": 1.7473684246526313,
    "dy": 1.7000000035249998
  },
  "periodic_cca": false,
  "plots": {
    "before_coarse": "/home/elyar/Documents/projects/1dif_impu/clustx-20251106T013133Z-1-001/clustx/examples/out_aggregation_bo_12/fig_before_clusters_overlay_COARSE.pdf",
    "after_std": "/home/elyar/Documents/projects/1dif_impu/clustx-20251106T013133Z-1-001/clustx/examples/out_aggregation_bo_12/fig_after_std_clusters_overlay_COARSE_beta0.1_cthr0.1.pdf",
    "after_occa": "/home/elyar/Documents/projects/1dif_impu/clustx-20251106T013133Z-1-001/clustx/examples/out_aggregation_bo_12/fig_after_custom_clusters_overlay_COARSE_beta0.1_cthr0.1.pdf"
  },
  "weights_used": {
    "stageB_W_SIL": 0.33,
    "stageB_W_DBI": 0.34,
    "stageB_W_COV": 0.33,
    "source": "BO"
  },
  "best_beta": 0.1,
  "best_iters": 100,
  "metrics": {
    "before": {
      "coverage": 0.9149746192893401,
      "k": 7,
      "silhouette": 0.5183304021948025,
      "dbi": 0.47891427224141697,
      "ARI": 0.8883968039478406,
      "NMI": 0.8739444739213151,
      "V_measure": 0.8739444739213151,
      "FM": 0.91276240911199,
      "purity": 0.9137055837563451
    },
    "after_std": {
      "coverage": 0.9581218274111675,
      "k": 6,
      "silhouette": 0.4921390701276476,
      "dbi": 0.5266530407043969,
      "ARI": 0.8640897554010349,
      "NMI": 0.8844394881325442,
      "V_measure": 0.8844394881325442,
      "FM": 0.8946949450693951,
      "purity": 0.9149746192893401
    },
    "after_occa": {
      "coverage": 0.9555837563451777,
      "k": 7,
      "silhouette": 0.512955595461222,
      "dbi": 0.49040119681220123,
      "ARI": 0.9340378248352693,
      "NMI": 0.9193229590505544,
      "V_measure": 0.9193229590505545,
      "FM": 0.9485814079012511,
      "purity": 0.9530456852791879
    }
  }
}