{
  "dataset": "Aggregation",
  "strategy": "bo",
  "nx": 19,
  "ny": 16,
  "h": 1.7473684246526313,
  "R": 3,
  "Q": 0.7028890402358718
}