{
  "before": {
    "coverage": 0.9149746192893401,
    "k": 7,
    "silhouette": 0.5183304021948025,
    "dbi": 0.47891427224141697,
    "ARI": 0.8883968039478406,
    "NMI": 0.8739444739213151,
    "V_measure": 0.8739444739213151,
    "FM": 0.91276240911199,
    "purity": 0.9137055837563451
  },
  "after_std": {
    "coverage": 0.9581218274111675,
    "k": 6,
    "silhouette": 0.4921390701276476,
    "dbi": 0.5266530407043969,
    "ARI": 0.8640897554010349,
    "NMI": 0.8844394881325442,
    "V_measure": 0.8844394881325442,
    "FM": 0.8946949450693951,
    "purity": 0.9149746192893401
  },
  "after_occa": {
    "coverage": 0.9555837563451777,
    "k": 7,
    "silhouette": 0.512955595461222,
    "dbi": 0.49040119681220123,
    "ARI": 0.9340378248352693,
    "NMI": 0.9193229590505544,
    "V_measure": 0.9193229590505545,
    "FM": 0.9485814079012511,
    "purity": 0.9530456852791879
  }
}